"Carimbo de data/hora","O chatbot foi fácil de usar? ","Você conseguiu resolver seu problema ou dúvida com o chatbot?  ","Você recomendaria o chatbot para outras pessoas?  ","O chatbot conseguiu entender suas perguntas ou solicitações?  ","Você conseguiu consultar preços ou produtos através do chatbot?  ","O design ou aparência do chatbot foi agradável?  ","Você usaria o chatbot novamente no futuro?  ","Deixa um comentário ou opinião sobre o que achou do ChatBot!"
"2024/11/30 2:29:56 PM GMT-3","Sim","Sim","Sim","Sim","Sim","Sim","Sim","Achei maravilhoso!!"
"2024/11/30 2:57:36 PM GMT-3","Sim","Sim","Sim","Sim","Sim","Sim","Sim","Excelente "
"2024/11/30 3:17:57 PM GMT-3","Sim","Sim","Sim","Sim","Sim","Sim","Sim","O site é muito bom "
"2024/11/30 7:27:00 PM GMT-3","Sim","Sim","Sim","Sim","Sim","Sim","Sim",""
"2024/11/30 7:29:27 PM GMT-3","Sim","Sim","Sim","Sim","Sim","Sim","Sim",""
"2024/11/30 10:08:29 PM GMT-3","Sim","Sim","Sim","Sim","Sim","Sim","Sim",""
"2024/11/30 10:36:51 PM GMT-3","Sim","Sim","Sim","Sim","Sim","Sim","Sim",""
"2024/12/01 12:01:06 AM GMT-3","Sim","Sim","Sim","Sim","Sim","Sim","Sim","Uso facil"
"2024/12/01 12:41:52 AM GMT-3","Sim","Sim","Sim","Sim","Sim","Sim","Sim","Amei a facilidade "
"2024/12/01 1:06:38 AM GMT-3","Sim","Sim","Sim","Sim","Sim","Sim","Sim","Muito bom "
"2024/12/01 9:43:44 AM GMT-3","Sim","Sim","Sim","Sim","Sim","Sim","Sim","ficou ótimo! eu amei! "
"2024/12/01 10:04:15 AM GMT-3","Sim","Sim","Sim","Sim","Sim","Sim","Sim","O chatbot respondeu bem até em situações como ""meu gato está muito agitado"", oferecendo soluções incluindo produtos da loja."
"2024/12/01 10:40:34 AM GMT-3","Sim","Sim","Sim","Sim","Sim","Sim","Sim","Muito fácil acesso todas as perguntas em tempo real indicações de ração médico veterinária ótima rex adorei conversa com você e tirar minhas dúvidas "
"2024/12/02 10:09:54 AM GMT-3","Sim","Sim","Sim","Sim","Sim","Sim","Sim","muito boa essa ideia, achei facil de usar e super recomendo pra todos' amei a conversa com au au e lambeijos tirou todas as minhas duvidas e sempre estarei comprando e utilizando esse site'. bjs dos meus bichinhos."